insert into resident values('763676231429','Sahana','Ramesh','2001-07-10',9837837628,'F','Dog','A1001','Own');
insert into resident (Aadhar,Fname,Lname,DOB,phone,gender,FlatID,rent_owned) values('542155761651','Ritesh','Kumar','2001-04-03',9987452411,'M','C202','Own');
insert into resident values('109382652765','Sachin','Shenoy','2001-06-16',9848367537,'M','Cat','A103','Rent');
insert into resident (Aadhar,Fname,Lname,DOB,phone,gender,FlatID,rent_owned) values('265342837265','Vaibhav','Suresh','2001-07-16',8723786821,'M','A208','Rent');
insert into resident (Aadhar,Fname,Lname,DOB,phone,gender,FlatID,rent_owned) values('782628762672','Shreyas','Devraj','2001-01-05',8362627761,'M','B304','Own');

insert into flat values('A1001',2);
insert into flat values('C202',3);
insert into flat values('A103',2);
insert into flat values('A208',2);
insert into flat values('B304',3);

insert into parking_slot values(100,'E-Scooter','A1001');
insert into parking_slot values(322,'SUV','C202');
insert into parking_slot values(103,'Cycle','A103');
insert into parking_slot values(128,'Sedan','A208');
insert into parking_slot values(234,'SUV','B304');


insert into security values('5626451561','Bahadur','J','6366536763','2018-10-01','Day');
insert into security values('4352761521','Praveen','Singh','3675372582','2015-01-04','Day');
insert into security values('9827632415','Ravi','Kumar','9847638375','2016-11-01','Night');
insert into security values('2435142351','Sharma','Ji','7375167251','2014-06-01','Night');
insert into security values('5526517571','Nayak','A','7636453771','2017-03-05','Day');

insert into dependent values('864235907950','763676231429','Ikya','Beria','2001-08-10','8736278563','F');
insert into dependent values('168221720046','763676231429','Sahan','Shetty','2010-04-01','7465736245','M');
insert into dependent values('168221720036','763676231429','Shreya','Shetty','1950-04-10','7465736245','F');
insert into dependent values('223641701075','763676231429','Raksha','Hemmige','2001-03-11','6237161571','F');
insert into dependent values('699137916788','542155761651','Ramesh','G','2001-02-08','8762542161','M');
insert into dependent values('653227375868','109382652765','Suhas','K','2001-11-24','9863534643','M');
insert into dependent values('784134707754','109382652765','Mehul','Mehta','2004-05-03','9123534643','M');
insert into dependent values('591343435901','265342837265','Raghu','NV','2001-10-01','2753625711','M');
insert into dependent values('862278327098','782628762672','Sanjana','Atrey','2001-11-01','8726353171','M');
insert into dependent values('862278327099','782628762672','Sanjay','Atrey','1940-11-01','8726353171','M');

insert into visitor (visitorID,flatID,Fname,Lname,purpose,phonenumber,time_of_entry) values('4146987178','A103','Raghu','NV','Personal','8926781618','2020-10-19 12:30:01');
insert into visitor (visitorID,flatID,Fname,Lname,purpose,phonenumber,time_of_entry) values('4146987120','A1001','Nihal','Shetty','Visit','8926781623','2021-11-19 11:36:01');
insert into visitor (visitorID,flatID,Fname,Lname,purpose,phonenumber,time_of_entry) values('4146987121','A1001','Neha','Shetty','Visit','8926121623','2021-11-19 12:36:01');
insert into visitor (visitorID,flatID,Fname,Lname,purpose,phonenumber,time_of_entry) values('4142887122','A1001','Roopak','M','Inspection','8926671623','2021-11-23 09:18:19');
insert into visitor (visitorID,flatID,Fname,Lname,purpose,phonenumber,time_of_entry) values('4146981226','B304','Nihal','Shetty','Visit','8926781623','2021-11-21 10:32:01');
insert into visitor (visitorID,flatID,Fname,Lname,purpose,phonenumber,time_of_entry) values('4145687127','B304','Dhruv','Shetty','Professional','823726531','2021-11-18 09:01:12');
insert into visitor (visitorID,flatID,Fname,Lname,purpose,phonenumber,time_of_entry) values('4146127128','C202','Dhanush','Kumar','Party','8237231531','2021-11-18 21:11:12');
insert into visitor (visitorID,flatID,Fname,Lname,purpose,phonenumber,time_of_entry) values('4146677129','C202','Iqrar','Ahmed','Sports','8224231531','2021-11-18 16:16:12');

insert into complaints values('2785367152','763676231429','Water leakage from faucet','2021-10-01','18:01:10');
insert into complaints values('2785367151','542155761651','Plug points not working','2021-11-01','15:01:10');
insert into complaints values('2785367131','782628762672','Internet down','2021-11-01','06:11:21');
insert into complaints values('2785227131','782628762672','Street Light','2021-11-03','22:19:21');

insert into services values('1290892081',200.00,'Plumbing');
insert into services values('1290892082',500.00,'Electrician');
insert into services values('1290892083',600.00,'Internet');
insert into services values('1290892084',200.00,'Car Wash');

insert into employee values('7283681618','Ramesh','Appa','8767381681','2017-01-04','M','Day','1290892084',16000);
insert into employee values('7283681611','Saral','V','8767381688','2010-01-04','M','Night','1290892084',18000);
insert into employee values('7283681619','Suresh','Appa','8767381611','2015-11-14','M','Night','1290892083',25000);
insert into employee values('7283681629','Gangu','Thai','8767381621','2015-07-14','F','Day','1290892083',15700);
insert into employee values('7283681281','Kanta','Bai','8767387652','2015-08-18','F','Day','1290892081',19000);
insert into employee values('7283681612','Ganesha','K','8767381612','2016-11-14','M','Day','1290892082',19500);

insert into flat_has_security values('A1001','4352761521');
insert into flat_has_security values('A103','5526517571');
insert into flat_has_security values('C202','9827632415');
insert into flat_has_security values('A208','2435142351');
insert into flat_has_security values('B304','5526517571');

insert into resident_avails_services (ResidentUID,serviceID) values('763676231429','1290892081');
insert into resident_avails_services (ResidentUID,serviceID) values('542155761651','1290892082');
insert into resident_avails_services (ResidentUID,serviceID) values('782628762672','1290892083');
insert into resident_avails_services (ResidentUID,serviceID) values('265342837265','1290892083');